{
    "df1": {
        "mse": 9.975767135620117,
        "rmse": 3.1584436893463135,
        "mape": 2.171560935676098,
        "model_path": "best_model/fold_1_df1_model_state.pth"
    },
    "df2": {
        "mse": 14.021754264831543,
        "rmse": 3.744563341140747,
        "mape": 2.6313241571187973,
        "model_path": "best_model/fold_2_df2_model_state.pth"
    },
    "df3": {
        "mse": 0.7020683884620667,
        "rmse": 0.8378952145576477,
        "mape": 0.6698745768517256,
        "model_path": "best_model/fold_3_df3_model_state.pth"
    },
    "df4": {
        "mse": 0.9786022901535034,
        "rmse": 0.9892432689666748,
        "mape": 0.7068207953125238,
        "model_path": "best_model/fold_4_df4_model_state.pth"
    },
    "summary": {
        "mean_mse": 6.4195475578308105,
        "mean_rmse": 2.1825363636016846,
        "mean_mape": 1.5448951162397861
    }
}