{
    "df1": {
        "mse": 11.410040855407715,
        "rmse": 3.3778750896453857,
        "mape": 2.2413458675146103,
        "model_path": "best_model/fold_1_df1_model_state.pth"
    },
    "df2": {
        "mse": 9.629217147827148,
        "rmse": 3.103097915649414,
        "mape": 2.7152862399816513,
        "model_path": "best_model/fold_2_df2_model_state.pth"
    },
    "df3": {
        "mse": 2.232374429702759,
        "rmse": 1.4941132068634033,
        "mape": 1.108501385897398,
        "model_path": "best_model/fold_3_df3_model_state.pth"
    },
    "df4": {
        "mse": 1.364578127861023,
        "rmse": 1.168151617050171,
        "mape": 0.6974384654313326,
        "model_path": "best_model/fold_4_df4_model_state.pth"
    },
    "summary": {
        "mean_mse": 6.15905237197876,
        "mean_rmse": 2.2858095169067383,
        "mean_mape": 1.690642989706248
    }
}