{
    "with_edges": {
        "model_name": "GENConv",
        "mean_mse": 6.15905237197876,
        "mean_rmse": 2.2858095169067383,
        "mean_mape": 1.690642989706248
    },
    "no_edges": {
        "model_name": "GraphSAGE",
        "mean_mse": 6.4195475578308105,
        "mean_rmse": 2.1825363636016846,
        "mean_mape": 1.5448951162397861
    }
}