{
    "df1": {
        "mse": 13.565914154052734,
        "rmse": 3.6831934452056885,
        "mape": 3.041081130504608,
        "model_path": "best_model/fold_1_df1_model_state.pth"
    },
    "df2": {
        "mse": 12.555505752563477,
        "rmse": 3.543375015258789,
        "mape": 2.4695195257663727,
        "model_path": "best_model/fold_2_df2_model_state.pth"
    },
    "df3": {
        "mse": 1.071313500404358,
        "rmse": 1.0350427627563477,
        "mape": 0.7971190847456455,
        "model_path": "best_model/fold_3_df3_model_state.pth"
    },
    "df4": {
        "mse": 1.6320985555648804,
        "rmse": 1.277536153793335,
        "mape": 0.8576985448598862,
        "model_path": "best_model/fold_4_df4_model_state.pth"
    },
    "summary": {
        "mean_mse": 7.206208229064941,
        "mean_rmse": 2.38478684425354,
        "mean_mape": 1.7913545714691281
    }
}